team,semifinal_probability,final_probability,champion_probability,third_place_win_probability
France,0.74758,0.46924,0.3347,0.20932
Spain,0.6597,0.32756,0.21192,0.22378
Argentina,0.63574,0.4192,0.17906,0.1041
England,0.68092,0.30668,0.1034,0.14506
Switzerland,0.36426,0.18664,0.05874,0.06424
Belgium,0.3403,0.11126,0.0555,0.12212
Morocco,0.25242,0.09194,0.0414,0.08022
Norway,0.31908,0.08748,0.01528,0.05116
